Doril;Artandielis
Shimatsu;Takaki
Athiel;Fin
Kiyohashi;Batano
Rosianna;de Sour
Fred;Dinkelbauer
Kakano;Mochihaya
Gloraliel;Finior
Obaldinia;de Echoitrieu
Hilding;Odomarson
Roland;Kristian
Finial;Herin
Finel;Seryëial
Gérard;Ruiz
Thierry;Champion
Ludgérie;de Catrepac
Athial;Numil
Laurent;Vigouroux
Ludgère;de Analle
Ferdinand;Fehrnbach
Patrick;Corbel
Bardo;Schönmann
Osbern;Lennartson
Iwaiwa;Kakaaka
Hasso;Rosenwald
Brunetta;de Bagy
Arild;Sigfredson
Patrice;Robert
Maléda;de Ipour
Phréline;de Mibalm
Palyë;Ath
Sirial;Paldaril
Biarni;Havardson
Guy;Quintin
Joseph;Auffret
Néolinia;de Duvac
Isal;Valac
Moriaka;Yamanaka
Arte;Ciryil
Loryë;Filanatior
Werner;Hofer
Héliade;de Inon
Nokuro;Ao
Heral;Fint
Norman;Freud
Seconde;de Oitral
Hansludwig;Loewy
Hervé;Humeau
Ludgérina;de Megois
File;Tarár
Sawa;Kamida
Kiyomori;Sawasugi
Ketil;Wilhjelmson
Exaldée;de Réomois
Nobuda;Ue
Sylvain;Berne
Louis;Fortier
Holmgeir;Herulfson
Narië;Eler
Amil;Ter
Loral;Pelatil
Philippe;Berland
Laurent;Lahaye
Patrice;Rocher
Elë;Fin
Hayakawa;Minami
Jérémy;Cuvillier
Holger;Delfson
Valmona;de Bribeux
Erling;Snorrison
Vemund;Haraldson
Athal;Sir
Bayamatsu;Takakuro
Firiel;Pelieliel
Treufried;Baumgarten
Bernulf;Moris
Tarcilde;de Bamonvralle
Emile;Bonnin
Tsukahiro;Yoshinaka
Herfried;Mildt
Aoshita;Higano
Olivier;Brosse
Sebald;Pfaffen
Bodomar;Rosenbaum
Teryë;Narárë
Sakayama;Kawakami
Olf;Jürgen
Hilaria;de Mail
Bruno;Chauvet
Eirik;Hartmodson
Karl;Gustafson
Matsukawa;Mochifuka
Sada;Nishi
Thane;Ciryendë
Kaneno;Numakuro
Ralf;Eskilson
Finiel;El
Auzilinia;de Ougent
Cyril;Chapuis
Lothië;Farambilel
Denny;Zimmer
Pierre;Becker
Cordian;Paulus
Ben;Stiert
Thorkil;Helgison
Justus;Huhn
Hiren;Inil
Woldemar;Meier
Brynjolf;Vemundson
Luxivina;de Quellame
Firiel;Serond
Glaphyre;de Lanrnec
Bernice;de Rour
Finel;Hiren
Charles;De oliveira
Mune;Mitsuiwa
Cédélice;de Oillail
Hisayoko;Yokoyoko
Victorice;de Oipuydenc
Yasujima;Asa
Athel;In
Asgeir;Sigvardson
Cemiel;El
Laurencielle;de Berent
Noribaya;Mochi
Heribert;Freiszmuth
Cirye;Eliel
Cemië;Val
Asbjörn;Hardingson
Robert;Bruno
Nagamizu;Muneshi
Arnaud;Dumas
Björn;Erikson
Armidée;de Aupône
Cemial;Herándil
Ele;Pel
André;Cuvillier
Rurik;Leifson
Aslak;Arnvaldson
Detlef;Thormodson
Gudmund;Aslakson
Elmélisa;de Conpeypal
Julien;Ardouin
Kanenuma;Numaao
Florian;Jeanjean
Akiiwa;Munesaka
Sugitake;Katsunuma
Hasso;Platz
Hisaue;Okada
Snorri;Sigmundson
